cluster,avg_temperature,std_temperature,avg_vibration,std_vibration,avg_pressure,std_pressure,avg_speed,std_speed,failure_rate,machines_in_cluster,anomaly_score,cluster_type,cluster_name
1,71.90493694900123,4.345243360835591,1.0343085593125767,0.34613393778016477,100.51192277647584,6.981198404101448,1495.0544838745677,186.95925343794954,0.02254212699475505,8961,2.25,Warning,Cluster B - Elevated Vibration
2,75.59051060008338,3.2857673993109895,1.0399199140447095,0.3062481472175354,101.22197119856312,5.763434153832357,1473.6599217421983,186.5720341164506,0.02068700086596748,31179,2.07,Warning,Cluster C - High Temperature
3,71.47374744004756,3.7243395950311786,1.0423306467595956,0.30944098168327855,93.77326914183789,5.597705468833432,1539.8949458281033,180.56976447244074,0.020611746052718503,30274,2.06,Warning,Cluster D - Critical Conditions
0,69.38112637527806,3.4871135957065764,1.0233622317080502,0.30553522000433503,105.64806348824625,5.38154966053754,1489.3221550532076,184.44321005768708,0.020110623459387963,33266,2.01,Warning,Cluster A - Normal Operation
