cluster,avg_temperature,std_temperature,avg_vibration,std_vibration,avg_pressure,std_pressure,avg_speed,std_speed,failure_rate,machines_in_cluster,anomaly_score,cluster_type,cluster_name
0,71.88385233999777,4.352044423597715,1.0332919691723446,0.3463613730110444,100.44486764213113,7.420144132605017,1470.4955590304926,174.30103042475125,0.022450575226181168,8953,2.25,Warning,Cluster A - Normal Operation
2,71.71131927749984,3.7159338430843833,1.0216318952634655,0.31029039291643284,93.03102949775842,5.903230884130925,1524.1531086349166,165.6662882273533,0.02082385809888896,30782,2.08,Warning,Cluster C - High Temperature
3,75.53603835195442,3.2760155532559954,1.046382014918206,0.3052496813858589,102.02908377885201,6.009747432900412,1442.841905112527,172.33321072922544,0.020488523225661876,31237,2.05,Warning,Cluster D - Critical Conditions
1,69.13711293873058,3.3913592092329354,1.0346005870123518,0.30469617331950577,105.49945640210346,5.699934689648237,1471.4397016020546,180.07812671441675,0.02008682891035832,32708,2.01,Warning,Cluster B - Elevated Vibration
